[{"nombre":"aguacate","precio":"3.5","unidades":244,"url":"https://firebasestorage.googleapis.com/v0/b/crud-58fe9.appspot.com/o/aguacate.jpg?alt=media&token=dceaaa2d-8601-4f37-8f20-364eb86c4a78"},
{"nombre":"ajo","precio":0.8,"unidades":445,"url":"https://firebasestorage.googleapis.com/v0/b/crud-58fe9.appspot.com/o/ajo.jpg?alt=media&token=024f3b79-b676-4868-8917-5eebb8c7df42"},
{"nombre":"almendras","precio":1.2,"unidades":455,"url":"https://firebasestorage.googleapis.com/v0/b/crud-58fe9.appspot.com/o/almendras.jpg?alt=media&token=91e192c4-27b0-485a-a371-2b4d9bfa54c4"},
{"nombre":"arandanos","precio":3.6,"unidades":5544,"url":"https://firebasestorage.googleapis.com/v0/b/crud-58fe9.appspot.com/o/arandanos.jpg?alt=media&token=0830c773-e71b-44ad-aa32-1e19259983da"},
{"nombre":"brocoli","precio":1.8,"unidades":34,"url":"https://firebasestorage.googleapis.com/v0/b/crud-58fe9.appspot.com/o/brocoli.png?alt=media&token=729f3100-031c-41a4-a071-e0426e3fd754"},
{"nombre":"calabaza","precio":9.6,"unidades":55,"url":"https://firebasestorage.googleapis.com/v0/b/crud-58fe9.appspot.com/o/calabaza.jpg?alt=media&token=125d7f4c-7b09-425a-94f6-f87d66e767f7"},
{"nombre":"canela","precio":0.8,"unidades":44,"url":"https://firebasestorage.googleapis.com/v0/b/crud-58fe9.appspot.com/o/canela.jpg?alt=media&token=e7f60b76-6a4e-4c6a-95ce-fa84d3d1e1da"},
{"nombre":"cebolla","precio":3.5,"unidades":55,"url":"https://firebasestorage.googleapis.com/v0/b/crud-58fe9.appspot.com/o/cebolla.jpg?alt=media&token=4e57cafe-2ba5-4f7e-8d50-b3a5e86c9045"},
{"nombre":"fresa","precio":1,"unidades":33,"url":"https://firebasestorage.googleapis.com/v0/b/crud-58fe9.appspot.com/o/fresa.jpg?alt=media&token=12bd6477-6449-423c-9e59-8de2dbe7b11d"},
{"nombre":"kiwi","precio":2.7,"unidades":45,"url":"https://firebasestorage.googleapis.com/v0/b/crud-58fe9.appspot.com/o/kiwi.jpg?alt=media&token=0822084b-5bd1-4310-a473-2d748aac3e05"},
{"nombre":"limon","precio":0.9,"unidades":45,"url":"https://firebasestorage.googleapis.com/v0/b/crud-58fe9.appspot.com/o/limon.jpg?alt=media&token=0594d770-d00a-4373-8865-38c5a37530c8"},
{"nombre":"lychee","precio":1.7,"unidades":44,"url":"https://firebasestorage.googleapis.com/v0/b/crud-58fe9.appspot.com/o/lychee.jpg?alt=media&token=cffb2ccf-ee38-42ac-81e0-fdd3bcbc9504"}